Especie,Campo,Floresta Ombrófila Densa,Floresta Ombrófila Mista,Vassoural
Accipiter striatus,,,2,3
Amadonastur lacernulatus,,1,,
Amaurospiza moesta,,1,,
Anthus hellmayri,7,,,3
Anumbius annumbi,7,,,
Aramides saracura,6,2,10,5
Attila phoenicurus,,56,,
Attila rufus,,18,,
Automolus leucophthalmus,,18,,
Basileuterus culicivorus,,85,24,2
Batara cinerea,,4,6,
Brotogeris tirica,,17,,
Bubulcus ibis,,9,,
Buteo brachyurus,,1,1,
Cacicus chrysopterus,1,4,52,12
Campephilus robustus,,,3,
Camptostoma obsoletum,4,3,25,17
Campylorhamphus falcularius,,1,,
Caracara plancus,1,,,3
Cariama cristata,8,,,2
Carpornis cucullata,,60,,
Castanozoster thoracicus,,,6,9
Certhiaxis cinnamomeus,1,,,
Chaetura cinereiventris,,,,41
Chaetura meridionalis,,,,2
Chamaeza campanisona,,61,,
Chamaeza ruficauda,,,52,4
Chionomesa fimbriata,,1,,
Chiroxiphia caudata,,27,,
Chlorostilbon lucidus,8,2,6,8
Chrysuronia versicolor,,4,1,
Cichlocolaptes leucophrus,,2,,
Cinclodes pabsti,35,,,2
Clibanornis dendrocolaptoides,,,9,3
Cnemotriccus fuscatus,,2,,1
Colaptes campestris,32,,,11
Colaptes melanochloros,,1,,
Columbina talpacoti,3,,,
Conopophaga lineata,,9,7,
Cranioleuca obsoleta,,,39,11
Cryptopezus nattereri,,9,11,2
Crypturellus obsoletus,,15,45,5
Crypturellus tataupa,,10,1,
Cyanocorax caeruleus,19,16,46,34
Cyclarhis gujanensis,7,35,66,24
Dacnis cayana,,1,,
Dendrocolaptes platyrostris,,6,,
Dendroma rufa,,4,,
Donacospiza albifrons,4,,,11
Drymophila malura,,1,13,1
Drymophila rubricollis,,,1,
Dryocopus lineatus,,2,5,2
Dysithamnus mentalis,,34,,
Elaenia chilensis,,1,,2
Elaenia flavogaster,,1,,
Elaenia mesoleuca,14,8,97,32
Elaenia parvirostris,1,1,3,2
Eleoscytalopus indigoticus,,1,,
Emberizoides ypiranganus,15,,,21
Embernagra platensis,18,,,11
Euphonia chlorotica,,1,,
Euphonia violacea,,,1,
Falco sparverius,3,,,
Forpus xanthopterygius,,4,,
Furnarius rufus,,1,,
Geothlypis aequinoctialis,,,2,7
Geotrygon montana,,1,,
Gnorimopsar chopi,46,,,
Grallaria varia,,15,,
Habia rubica,,32,,
Heliobletus contaminatus,,3,13,2
Heliodoxa rubricauda,,3,,
Hemitriccus obsoletus,,1,1,
Herpsilochmus rufimarginatus,,2,,
Heteroxolmis dominicanus,11,,,2
Hylophilus poicilotis,,23,5,
Hypoedaleus guttatus,,5,1,
Ilicura militaris,,2,,
Knipolegus cyanirostris,,,1,
Knipolegus lophotes,2,,,
Lathrotriccus euleri,,31,8,1
Legatus leucophaius,,1,,
Lepidocolaptes falcinellus,,,35,3
Leptasthenura setaria,1,,89,22
Leptasthenura striolata,3,,11,32
Leptotila rufaxilla,,3,2,
Leptotila verreauxi,2,,6,1
Leucochloris albicollis,,1,6,
Lochmias nematura,,3,11,3
Lurocalis semitorquatus,,5,,
Mackenziaena leachii,1,,14,1
Micrastur ruficollis,,9,12,
Microspingus cabanisi,15,3,82,48
Milvago chimachima,11,,7,1
Milvago chimango,,,1,1
Mimus saturninus,11,,,1
Mionectes rufiventris,,1,,
Myiarchus ferox,,1,,
Myiarchus swainsoni,2,2,4,2
Myiodynastes maculatus,,8,,
Myiopagis caniceps,,,,1
Myiopagis viridicata,,1,,
Myiophobus fasciatus,2,,8,2
Myiothlypis leucoblephara,1,29,185,25
Myiozetetes similis,,1,,
Myrmoderus squamosus,,8,,
Nothura maculosa,4,,,3
Nyctibius griseus,,1,,
Odontophorus capueira,,8,,
Pachyramphus castaneus,,1,,
Pachyramphus polychopterus,,5,1,
Patagioenas picazuro,28,7,23,20
Patagioenas plumbea,,7,13,1
Penelope obscura,1,2,5,2
Phaethornis eurynome,,4,,
Philydor atricapillus,,10,,
Phimosus infuscatus,15,,,
Phyllomyias fasciatus,,4,1,
Phyllomyias virescens,,1,,
Phylloscartes difficilis,,,3,
Phylloscartes ventralis,1,38,49,13
Piaya cayana,,2,,
Piculus aurulentus,1,4,,1
Picumnus nebulosus,,,1,1
Picumnus temminckii,,8,,
Pionus maximiliani,5,2,34,13
Pipraeidea melanonota,,2,1,
Piranga flava,,,1,
Pitangus sulphuratus,6,3,,
Platyrinchus mystaceus,,44,,
Poecilotriccus plumbeiceps,,3,5,
Polioptila dumicola,,,1,
Poospiza nigrorufa,3,,,3
Procnias nudicollis,,25,1,
Progne chalybea,4,,,
Pseudoleistes guirahuro,6,,,1
Psittacara leucophthalmus,1,5,,
Pulsatrix koeniswaldiana,,,,1
Pygochelidon cyanoleuca,124,,1,9
Pyriglena leucoptera,2,5,,
Pyrrhura frontalis,9,44,58,20
Ramphastos dicolorus,,6,1,
Ramphastos vitellinus,,3,,
Rhopias gularis,,30,,
Rhynchotus rufescens,17,,,15
Riparia riparia,1,,,
Rupornis magnirostris,1,5,1,
Saltator fuliginosus,,1,,
Saltator maxillosus,,,10,3
Saltator similis,2,4,11,5
Satrapa icterophrys,3,,,
Schiffornis virescens,,34,,
Sclerurus scansor,,14,,
Scytalopus pachecoi,1,,1,1
Scytalopus speluncae,,,54,31
Selenidera maculirostris,,4,,
Serpophaga subcristata,2,,3,12
Setophaga pitiayumi,,42,36,3
Sicalis flaveola,8,,,
Sicalis luteola,15,,,12
Sirystes sibilator,,1,,
Sittasomus griseicapillus,2,47,32,2
Spinus magellanicus,,,4,12
Sporophila caerulescens,9,,1,7
Sporophila frontalis,,,1,
Sporophila melanogaster,2,,2,8
Stephanophorus diadematus,13,,20,15
Stephanoxis loddigesii,,1,2,
Stilpnia preciosa,,1,3,
Streptoprocne zonaris,,,,2
Strix hylophila,,,1,
Synallaxis cinerascens,,1,7,
Synallaxis ruficapilla,,10,1,1
Synallaxis spixi,3,,11,35
Syndactyla rufosuperciliata,,6,20,1
Tachycineta leucorrhoa,4,,,
Tachyphonus coronatus,,19,7,1
Tangara desmaresti,,1,,
Tangara seledon,,2,,
Thalurania glaucopis,,4,2,
Thamnophilus caerulescens,,25,59,7
Thamnophilus ruficapillus,2,,5,11
Theristicus caudatus,9,9,,
Thraupis cyanoptera,,1,,
Thraupis palmarum,,1,,
Thraupis sayaca,1,1,,
Tinamus solitarius,,22,,
Tityra cayana,,1,,
Tolmomyias sulphurescens,,19,3,
Troglodytes musculus,3,2,2,4
Trogon chrysochloros,,5,,
Trogon surrucura,,6,1,
Turdus albicollis,,41,1,
Turdus amaurochalinus,,1,,
Turdus flavipes,,21,2,
Turdus leucomelas,,6,2,
Turdus rufiventris,4,6,20,7
Turdus subalaris,,1,57,
Tyranniscus burmeisteri,,1,,
Tyrannus melancholicus,11,3,,6
Tyrannus savana,1,,,
Tyto furcata,,,1,
Vanellus chilensis,14,6,,
Veniliornis spilogaster,,10,12,3
Vireo chivi,2,30,40,5
Volatinia jacarina,,,,3
Xenops rutilans,,2,,
Xiphocolaptes albicollis,,1,,
Xiphorhynchus fuscus,,46,,
Zonotrichia capensis,58,2,30,102
